N;Procesi;Koraki;Zagon;Cas_s
128;2;100;1;4.873751
128;2;100;2;4.878221
128;2;100;3;4.872271
128;2;100;4;4.870479
128;2;100;5;4.869048
