N;Procesi;Koraki;Zagon;Cas_s
128;2;100;1;2.430514
128;2;100;2;2.434103
128;2;100;3;2.434094
128;2;100;4;2.433769
128;2;100;5;2.432741
