N;Procesi;Koraki;Zagon;Cas_s
128;32;100;1;0.231096
128;32;100;2;0.252493
128;32;100;3;0.197482
128;32;100;4;0.192685
128;32;100;5;0.219753
