N;Procesi;Koraki;Zagon;Cas_s
128;1;100;1;4.871508
128;1;100;2;4.868172
128;1;100;3;4.871965
128;1;100;4;4.868254
128;1;100;5;4.875866
