N;Procesi;Koraki;Zagon;Cas_s
512;2;100;1;38.945653
512;2;100;2;38.948431
