N;Procesi;Koraki;Zagon;Cas_s
128;16;100;1;0.361044
128;16;100;2;0.328544
128;16;100;3;0.368334
128;16;100;4;0.355917
128;16;100;5;0.394834
