N;Procesi;Koraki;Zagon;Cas_s
512;1;100;1;77.893933
512;1;100;2;77.882046
512;1;100;3;77.857631
512;1;100;4;77.857327
512;1;100;5;77.831902
