N;Procesi;Koraki;Zagon;Cas_s
128;4;100;1;1.226597
128;4;100;2;1.224340
128;4;100;3;1.226087
128;4;100;4;1.224454
128;4;100;5;1.238752
