N;Procesi;Koraki;Zagon;Cas_s
128;2;100;1;2.435621
128;2;100;2;2.437522
128;2;100;3;2.439195
128;2;100;4;2.438986
128;2;100;5;2.434316
